term,score
twitter com,411.06571191548466
pic twitter,399.2272232310151
